{"cameraMode":{"drawMode":0,"name":"Shaded","section":"Shading Mode"},"sceneLighting":true,"audioPlay":false,"sceneViewState":{"m_AlwaysRefresh":false,"showFog":true,"showSkybox":true,"showFlares":true,"showImageEffects":true,"showParticleSystems":true,"showVisualEffectGraphs":true,"m_FxEnabled":true},"in2DMode":false,"pivot":{"x":-1.5729297399520875,"y":-3.774979829788208,"z":15.662978172302246},"rotation":{"x":-0.26206254959106448,"y":0.051218826323747638,"z":-0.013752601109445095,"w":-0.9636625647544861},"size":15.427522659301758,"orthographic":false}